{"YouTuBean": {"sswe": 0.6309523809523809, "glove 300d 42b common crawl": 0.7023809523809523}, "SemEval 14 Laptop": {"sswe": 0.6685878955665171, "glove 300d 42b common crawl": 0.693083573658803}, "Dong Twitter": {"sswe": 0.6165333333969116, "glove 300d 42b common crawl": 0.6480000000635783}, "Mitchel": {"sswe": 0.7091172217201392, "glove 300d 42b common crawl": 0.7380607813898631}, "Election Twitter": {"sswe": 0.5249287749287749, "glove 300d 42b common crawl": 0.5673076923076923}, "SemEval 14 Restaurant": {"sswe": 0.6864014802764237, "glove 300d 42b common crawl": 0.6753006482102273}}