{"YouTuBean": {"sswe": 0.6339285714285714, "glove 300d 42b common crawl": 0.7321428571428571}, "SemEval 14 Restaurant": {"sswe": 0.6657420252960036, "glove 300d 42b common crawl": 0.6171983359756152}, "Mitchel": {"sswe": 0.7093275490655299, "glove 300d 42b common crawl": 0.7418655100199768}, "SemEval 14 Laptop": {"sswe": 0.6717062638851273, "glove 300d 42b common crawl": 0.6414686831490782}, "Dong Twitter": {"sswe": 0.6104, "glove 300d 42b common crawl": 0.6568}, "Election Twitter": {"sswe": 0.5090811965811965, "glove 300d 42b common crawl": 0.5534188034188035}}