{"SemEval 14 Laptop": {"sswe": 0.6657060525602841, "glove 300d 42b common crawl": 0.6628242071492527}, "Mitchel": {"sswe": 0.7105643997230336, "glove 300d 42b common crawl": 0.7380607813898631}, "SemEval 14 Restaurant": {"sswe": 0.6882516190368306, "glove 300d 42b common crawl": 0.676225717094185}, "YouTuBean": {"sswe": 0.6309523809523809, "glove 300d 42b common crawl": 0.7023809523809523}, "Election Twitter": {"sswe": 0.5217236467236467, "glove 300d 42b common crawl": 0.5623219371521235}, "Dong Twitter": {"sswe": 0.6149333333969116, "glove 300d 42b common crawl": 0.6469333331743876}}