{"SemEval 14 Laptop": {"sswe": 0.6008645529705784, "glove 300d 42b common crawl": 0.6829971174685343}, "Election Twitter": {"sswe": 0.5530626778928642, "glove 300d 42b common crawl": 0.5722934472934473}, "SemEval 14 Restaurant": {"sswe": 0.678075855854592, "glove 300d 42b common crawl": 0.6910268275634103}, "YouTuBean": {"sswe": 0.6309523809523809, "glove 300d 42b common crawl": 0.6607142857142857}, "Mitchel": {"sswe": 0.707670043717245, "glove 300d 42b common crawl": 0.7380607819936728}, "Dong Twitter": {"sswe": 0.6693333333969116, "glove 300d 42b common crawl": 0.6650666664123536}}