{"Mitchel": {"sswe": 0.7105643997230336, "glove 300d 42b common crawl": 0.7366136039907784}, "SemEval 14 Laptop": {"sswe": 0.5994236307803766, "glove 300d 42b common crawl": 0.6815561952783327}, "YouTuBean": {"sswe": 0.6309523809523809, "glove 300d 42b common crawl": 0.6607142857142857}, "Election Twitter": {"sswe": 0.5502136750438614, "glove 300d 42b common crawl": 0.5708689460387597}, "SemEval 14 Restaurant": {"sswe": 0.6743755783337779, "glove 300d 42b common crawl": 0.6891766888030032}, "Dong Twitter": {"sswe": 0.6608000002861023, "glove 300d 42b common crawl": 0.6634666667938233}}