{"YouTuBean": {"sswe": 0.6339285714285714, "glove 300d 42b common crawl": 0.7232142857142857}, "Mitchel": {"sswe": 0.7180043387826767, "glove 300d 42b common crawl": 0.7548806944017555}, "Dong Twitter": {"sswe": 0.66, "glove 300d 42b common crawl": 0.7008}, "SemEval 14 Restaurant": {"sswe": 0.6490984746718704, "glove 300d 42b common crawl": 0.708737864491017}, "SemEval 14 Laptop": {"sswe": 0.6760259185702445, "glove 300d 42b common crawl": 0.7062634994350293}, "Election Twitter": {"sswe": 0.5544871794871795, "glove 300d 42b common crawl": 0.5844017094017094}}