{"Dong Twitter": [0.007, {"0.0035": 0.691741357234315, "0.007": 0.6936619718309859, "0.01": 0.6907810499359796, "0.035": 0.6779769526248399, "0.07": 0.6643725992317542, "1e-05": 0.5003201024327785, "0.0001": 0.587067861715749, "0.001": 0.6834186939820742, "0.1": 0.6602112676056338, "1.0": 0.6165172855313701, "10.0": 0.5998719590268886}], "Election Twitter": [0.0035, {"0.00035": 0.5376148749732849, "0.0007": 0.546377431075016, "0.001": 0.5499038256037615, "0.0035": 0.5511861508869417, "0.007": 0.546377431075016, "1e-05": 0.5014960461637102, "0.0001": 0.5274631331481086, "0.01": 0.5386834793759351, "0.1": 0.5056636033340457, "1.0": 0.46815558880102587, "10.0": 0.4604616371019449}]}