{"Dong Twitter": [0.035, {"0.035": 0.6272407170294494, "0.07": 0.6264404609475032, "0.1": 0.6270806658130602, "0.35000000000000003": 0.6190781049935979, "0.7000000000000001": 0.6131562099871959, "1e-05": 0.5004801536491678, "0.0001": 0.5011203585147247, "0.001": 0.5838668373879642, "0.01": 0.6232394366197183, "1.0": 0.609314980793854, "10.0": 0.5219270166453265}], "Election Twitter": [0.007, {"0.0035": 0.515708484718957, "0.007": 0.515815345159222, "0.01": 0.5106860440265014, "0.035": 0.507587091258816, "0.07": 0.507693951699081, "1e-05": 0.4971147681128446, "0.0001": 0.4962598845907245, "0.001": 0.5033126736482154, "0.1": 0.5018166274845053, "1.0": 0.48685616584740327, "10.0": 0.49059628125667876}]}