{"Dong Twitter": [0.007, {"0.0035": 0.6858194622279129, "0.007": 0.6862996158770807, "0.01": 0.6853393085787451, "0.035": 0.6770166453265045, "0.07": 0.6648527528809219, "1e-05": 0.5004801536491678, "0.0001": 0.5504161331626121, "0.001": 0.6690140845070423, "0.1": 0.6606914212548015, "1.0": 0.6198783610755442, "10.0": 0.614596670934699}], "Election Twitter": [0.0035, {"0.00035": 0.5349433639666595, "0.0007": 0.5396452233383201, "0.001": 0.5405001068604403, "0.0035": 0.5445608035905108, "0.007": 0.5417824321436204, "1e-05": 0.47499465697798676, "0.0001": 0.5263945287454584, "0.01": 0.5363325496901047, "0.1": 0.5096174396238512, "1.0": 0.4730711690532165, "10.0": 0.4620645437059201}]}