{"Dong Twitter": [0.01, {"0.0035": 0.6185979513444302, "0.007": 0.6290012804097311, "0.01": 0.634122919334187, "0.035": 0.6291613316261203, "0.07": 0.6291613316261203, "1e-05": 0.5004801536491678, "0.0001": 0.5008002560819462, "0.001": 0.5856274007682458, "0.1": 0.6277208706786171, "1.0": 0.6181177976952625, "10.0": 0.5414532650448144}], "Election Twitter": [0.0035, {"0.00035": 0.49241290874118404, "0.0007": 0.49818337251549477, "0.001": 0.5037401154092754, "0.0035": 0.5065184868561659, "0.007": 0.5047018593716606, "1e-05": 0.4677281470399658, "0.0001": 0.4800170976704424, "0.01": 0.500106860440265, "0.1": 0.4867493054071383, "1.0": 0.4745672152169267, "10.0": 0.43673861936311176}]}