{"Dong Twitter": [0.007, {"0.0035": 0.6947823303457106, "0.007": 0.6954225352112676, "0.01": 0.6936619718309859, "0.035": 0.6819782330345711, "0.07": 0.6638924455825864, "1e-05": 0.5004801536491678, "0.0001": 0.5880281690140845, "0.001": 0.683258642765685, "0.1": 0.6552496798975672, "1.0": 0.6166773367477593, "10.0": 0.6030729833546735}], "Election Twitter": [0.001, {"0.00035": 0.5378285958538149, "0.0007": 0.5427441761060056, "0.001": 0.5440265013891857, "0.0035": 0.5401795255396452, "0.007": 0.5357982474887797, "1e-05": 0.4854669801239581, "0.0001": 0.5292797606326138, "0.01": 0.530562085915794, "0.1": 0.49722162855310964, "1.0": 0.4777730284248771, "10.0": 0.47809360974567217}]}