{"Dong Twitter": [0.007, {"0.0035": 0.6802176696542894, "0.007": 0.6853393085787451, "0.01": 0.6843790012804097, "0.035": 0.6762163892445583, "0.07": 0.6702944942381562, "1e-05": 0.5003201024327785, "0.0001": 0.5470550576184379, "0.001": 0.6632522407170295, "0.1": 0.6642125480153649, "1.0": 0.6101152368758003, "10.0": 0.5829065300896287}], "Election Twitter": [0.0035, {"0.00035": 0.5349433639666595, "0.0007": 0.5413549903825604, "0.001": 0.546056849754221, "0.0035": 0.5507587091258817, "0.007": 0.5484077794400513, "1e-05": 0.4986108142765548, "0.0001": 0.5190211583671724, "0.01": 0.5453088266723659, "0.1": 0.5170976704424022, "1.0": 0.4935883735840992, "10.0": 0.4578969865355845}]}