{"YouTuBean": {"sswe": 0.6369047619047619, "glove 300d 42b common crawl": 0.6547619047619048}, "SemEval 14 Laptop": {"sswe": 0.5691642653014543, "glove 300d 42b common crawl": 0.6325648418421017}, "Dong Twitter": {"sswe": 0.6730666668891907, "glove 300d 42b common crawl": 0.6607999999046326}, "Mitchel": {"sswe": 0.7062228657143506, "glove 300d 42b common crawl": 0.707670043717245}, "SemEval 14 Restaurant": {"sswe": 0.6549491212392272, "glove 300d 42b common crawl": 0.6586493987600412}, "Election Twitter": {"sswe": 0.5445156696854834, "glove 300d 42b common crawl": 0.5662393160695024}}