{"YouTuBean": {"sswe": 0.6369047619047619, "glove 300d 42b common crawl": 0.6488095238095238}, "SemEval 14 Laptop": {"sswe": 0.5864553305532472, "glove 300d 42b common crawl": 0.6311239196519}, "Mitchel": {"sswe": 0.7062228657143506, "glove 300d 42b common crawl": 0.7062228657143506}, "SemEval 14 Restaurant": {"sswe": 0.6558741911156767, "glove 300d 42b common crawl": 0.6586493987600412}, "Dong Twitter": {"sswe": 0.6714666668891907, "glove 300d 42b common crawl": 0.6623999999046326}, "Election Twitter": {"sswe": 0.5405982904284768, "glove 300d 42b common crawl": 0.5658831907133771}}