{"YouTuBean": {"sswe": 0.6339285714285714, "glove 300d 42b common crawl": 0.6517857142857143}, "Mitchel": {"sswe": 0.7180043386533824, "glove 300d 42b common crawl": 0.7310195230351612}, "SemEval 14 Laptop": {"sswe": 0.6198704112683208, "glove 300d 42b common crawl": 0.6479481649192826}, "Dong Twitter": {"sswe": 0.6728, "glove 300d 42b common crawl": 0.6896}, "Election Twitter": {"sswe": 0.5566239316239316, "glove 300d 42b common crawl": 0.5678418803418803}, "SemEval 14 Restaurant": {"sswe": 0.6768377257120923, "glove 300d 42b common crawl": 0.7087378644083475}}