{"YouTuBean": {"sswe": 0.6428571428571429, "glove 300d 42b common crawl": 0.6726190476190477}, "Mitchel": {"sswe": 0.709117221331976, "glove 300d 42b common crawl": 0.7206946459589405}, "Election Twitter": {"sswe": 0.5455840455840456, "glove 300d 42b common crawl": 0.5673076921378785}, "Dong Twitter": {"sswe": 0.661866666952769, "glove 300d 42b common crawl": 0.6629333333969116}, "SemEval 14 Laptop": {"sswe": 0.5677233420806247, "glove 300d 42b common crawl": 0.6239193076702635}, "SemEval 14 Restaurant": {"sswe": 0.6456984269409461, "glove 300d 42b common crawl": 0.6623496767771012}}
