{"Dong Twitter": {"0.0035": 0.6813380281690141, "0.007": 0.6869398207426376, "0.01": 0.6854993597951344, "0.035": 0.6765364916773368, "0.07": 0.6704545454545454, "1e-05": 0.5003201024327785, "0.0001": 0.5472151088348272, "0.001": 0.6634122919334187, "0.1": 0.6637323943661971, "1.0": 0.602112676056338, "10.0": 0.6022727272727273}, "Election Twitter": {"0.0035": 0.5519341739687967, "0.007": 0.5499038256037615, "0.01": 0.5471254541568711, "0.035": 0.5322718529600342, "0.07": 0.522761273776448, "1e-05": 0.4985039538362898, "0.0001": 0.5187005770463774, "0.001": 0.546484291515281, "0.1": 0.5181662748450524, "1.0": 0.4783073306262022, "10.0": 0.44560803590510795}, "SemEval 14 Laptop": {"0.0035": 0.6735840899265024, "0.007": 0.6757457846952011, "0.01": 0.6740164288802422, "0.035": 0.6593169044530912, "0.07": 0.640293990488543, "1e-05": 0.4293125810635538, "0.0001": 0.5819282317336792, "0.001": 0.6545611759619542, "0.1": 0.633808906182447, "1.0": 0.6152183311716386, "10.0": 0.6026805015131863}, "SemEval 14 Restaurant": {"0.0035": 0.6965574680732927, "0.007": 0.7012770682953915, "0.01": 0.7009994447529151, "0.035": 0.6996113270405331, "0.07": 0.6921154913936702, "1e-05": 0.600777345918934, "0.0001": 0.6013325930038868, "0.001": 0.6737923375902276, "0.1": 0.6890616324264298, "1.0": 0.6637978900610771, "10.0": 0.6526929483620211}, "Mitchel": {"0.0035": 0.7170795306388527, "0.007": 0.7270751847023034, "0.01": 0.7266405910473707, "0.035": 0.7244676227727075, "0.07": 0.7192524989135158, "1e-05": 0.7014341590612777, "0.0001": 0.7014341590612777, "0.001": 0.7036071273359409, "0.1": 0.7122990004345937, "1.0": 0.6657974793568013, "10.0": 0.6140808344198174}, "YouTuBean": {"0.0035": 0.6487455197132617, "0.007": 0.6756272401433692, "0.01": 0.6792114695340502, "0.035": 0.6702508960573477, "0.07": 0.6648745519713262, "1e-05": 0.6290322580645161, "0.0001": 0.6290322580645161, "0.001": 0.6290322580645161, "0.1": 0.6541218637992832, "1.0": 0.6433691756272402, "10.0": 0.6326164874551972}}