{"Dong Twitter": {"0.0035": 0.6920614596670934, "0.007": 0.6919014084507042, "0.01": 0.690460947503201, "0.035": 0.6778169014084507, "0.07": 0.6659731113956466, "1e-05": 0.5003201024327785, "0.0001": 0.5869078104993598, "0.001": 0.6843790012804097, "0.1": 0.6576504481434059, "1.0": 0.6230793854033291, "10.0": 0.6157170294494239}, "Election Twitter": {"0.00035": 0.5378285958538149, "0.0007": 0.5450951057918358, "0.001": 0.5491558025219064, "0.0035": 0.5500106860440265, "0.007": 0.545629407993161, "1e-05": 0.5022440692455653, "0.0001": 0.5281042957896986, "0.01": 0.5423167343449455, "0.1": 0.5092968583030562, "1.0": 0.46676640307758066, "10.0": 0.4505236161572986}, "SemEval 14 Laptop": {"0.0035": 0.6947686986597492, "0.007": 0.695201037613489, "0.01": 0.69347168179853, "0.035": 0.6679636835278858, "0.07": 0.6549935149156939, "1e-05": 0.45092952875054043, "0.0001": 0.633808906182447, "0.001": 0.6917423259835711, "0.1": 0.6463467358408993, "1.0": 0.6204063986165154, "10.0": 0.6186770428015564}, "SemEval 14 Restaurant": {"0.0035": 0.7065519156024431, "0.007": 0.7065519156024431, "0.01": 0.7071071626873959, "0.035": 0.6973903387007219, "0.07": 0.6937812326485286, "1e-05": 0.600777345918934, "0.0001": 0.6138256524153247, "0.001": 0.6962798445308163, "0.1": 0.6882287617990006, "1.0": 0.6665741254858412, "10.0": 0.6690727373681288}, "Mitchel": {"0.0035": 0.7357670578009561, "0.007": 0.7357670578009561, "0.01": 0.7344632768361582, "0.035": 0.7201216862233811, "0.07": 0.7149065623641895, "1e-05": 0.7014341590612777, "0.0001": 0.7014341590612777, "0.001": 0.7209908735332464, "0.1": 0.7105606258148631, "1.0": 0.6697088222511951, "10.0": 0.6462407648848327}, "YouTuBean": {"0.0035": 0.6935483870967742, "0.007": 0.6953405017921147, "0.01": 0.6935483870967742, "0.035": 0.6684587813620072, "0.07": 0.6684587813620072, "1e-05": 0.6272401433691757, "0.0001": 0.6272401433691757, "0.001": 0.6792114695340502, "0.1": 0.6684587813620072, "1.0": 0.6523297491039427, "10.0": 0.6451612903225806}}