{"SemEval 14 Laptop": {"sswe": 0.6376999567661046, "glove 300d 42b common crawl": 0.6740164288802422}, "Mitchel": {"sswe": 0.7279443720121687, "glove 300d 42b common crawl": 0.7288135593220338}, "SemEval 14 Restaurant": {"sswe": 0.681010549694614, "glove 300d 42b common crawl": 0.7107162687395892}, "YouTuBean": {"sswe": 0.6827956989247311, "glove 300d 42b common crawl": 0.7114695340501792}, "Dong Twitter": {"sswe": 0.6661331626120358, "glove 300d 42b common crawl": 0.6869398207426376}, "Election Twitter": {"sswe": 0.5362256892498397, "glove 300d 42b common crawl": 0.5676426586877538}}