{"SemEval 14 Laptop": {"sswe": 0.6748811067877216, "glove 300d 42b common crawl": 0.6977950713359273}, "Mitchel": {"sswe": 0.7348978704910908, "glove 300d 42b common crawl": 0.7414167753150804}, "SemEval 14 Restaurant": {"sswe": 0.7068295391449195, "glove 300d 42b common crawl": 0.71682398667407}, "YouTuBean": {"sswe": 0.6917562724014337, "glove 300d 42b common crawl": 0.7240143369175627}, "Dong Twitter": {"sswe": 0.6696542893725992, "glove 300d 42b common crawl": 0.6978233034571063}, "Election Twitter": {"sswe": 0.538042316734345, "glove 300d 42b common crawl": 0.5667877751656337}}