{"SemEval 14 Laptop": {"0.0035": 0.6342412451361867, "0.007": 0.6411586683960225, "0.01": 0.6428880242109815, "0.035": 0.6389969736273238, "0.07": 0.6277561608300908, "1e-05": 0.4267185473411154, "0.0001": 0.5767401642888024, "0.001": 0.6247297881539127, "0.1": 0.6234327712926935, "1.0": 0.593601383484652, "10.0": 0.5689580631214872}, "SemEval 14 Restaurant": {"0.0035": 0.676846196557468, "0.007": 0.6848972792892837, "0.01": 0.6890616324264298, "0.035": 0.6960022209883399, "0.07": 0.689894503053859, "1e-05": 0.6004997223764575, "0.0001": 0.600777345918934, "0.001": 0.6526929483620211, "0.1": 0.6876735147140478, "1.0": 0.6576901721265963, "10.0": 0.6154913936701832}, "Dong Twitter": {"0.035": 0.6677336747759283, "0.07": 0.6656530089628682, "0.1": 0.6653329065300896, "0.35000000000000003": 0.655729833546735, "0.7000000000000001": 0.6530089628681178, "1e-05": 0.5003201024327785, "0.0001": 0.5113636363636364, "0.001": 0.6277208706786171, "0.01": 0.6637323943661971, "1.0": 0.6526888604353394, "10.0": 0.6048335467349552}, "Election Twitter": {"0.00035": 0.531096388117119, "0.0007": 0.5332335969224193, "0.001": 0.5340884804445394, "0.0035": 0.5354776661679846, "0.007": 0.5341953408848045, "1e-05": 0.4678350074802308, "0.0001": 0.5190211583671724, "0.01": 0.5319512716392392, "0.1": 0.5201966232100876, "1.0": 0.49508441974780937, "10.0": 0.4254114126950203}, "YouTuBean": {"0.0035": 0.6433691756272402, "0.007": 0.6720430107526881, "0.01": 0.6774193548387096, "0.035": 0.6863799283154122, "0.07": 0.6810035842293907, "1e-05": 0.6308243727598566, "0.0001": 0.6308243727598566, "0.001": 0.6290322580645161, "0.1": 0.6756272401433692, "1.0": 0.6523297491039427, "10.0": 0.6415770609318996}, "Mitchel": {"0.0035": 0.7222946544980443, "0.007": 0.7309865275966971, "0.01": 0.7340286831812256, "0.035": 0.7331594958713603, "0.07": 0.717948717948718, "1e-05": 0.7014341590612777, "0.0001": 0.7014341590612777, "0.001": 0.7057800956106041, "0.1": 0.7122990004345937, "1.0": 0.6649282920469362, "10.0": 0.6479791395045632}}