{"SemEval 14 Laptop": {"0.0035": 0.6735840899265024, "0.007": 0.6718547341115434, "0.01": 0.6731517509727627, "0.035": 0.6627756160830091, "0.07": 0.6489407695633377, "1e-05": 0.42844790315607434, "0.0001": 0.6212710765239948, "0.001": 0.6558581928231734, "0.1": 0.6463467358408993, "1.0": 0.6061392131431041, "10.0": 0.5905750108084739}, "SemEval 14 Restaurant": {"0.0035": 0.7004441976679623, "0.007": 0.7040533037201555, "0.01": 0.7087729039422543, "0.035": 0.7026651860077735, "0.07": 0.6937812326485286, "1e-05": 0.6004997223764575, "0.0001": 0.6093836757357024, "0.001": 0.6735147140477512, "0.1": 0.6915602443087174, "1.0": 0.6649083842309828, "10.0": 0.6526929483620211}, "Dong Twitter": {"0.0035": 0.668854033290653, "0.007": 0.6762163892445583, "0.01": 0.678617157490397, "0.035": 0.6749359795134443, "0.07": 0.6702944942381562, "1e-05": 0.5003201024327785, "0.0001": 0.5265685019206146, "0.001": 0.6469270166453265, "0.1": 0.6691741357234315, "1.0": 0.6352432778489117, "10.0": 0.6181177976952625}, "Election Twitter": {"0.00035": 0.5319512716392392, "0.0007": 0.5360119683693096, "0.001": 0.5355845266082496, "0.0035": 0.5392177815772601, "0.007": 0.531096388117119, "1e-05": 0.469331053643941, "0.0001": 0.523509296858303, "0.01": 0.5282111562299636, "0.1": 0.5099380209446462, "1.0": 0.48685616584740327, "10.0": 0.46217140414618507}, "YouTuBean": {"0.0035": 0.6971326164874552, "0.007": 0.7078853046594982, "0.01": 0.7114695340501792, "0.035": 0.6881720430107527, "0.07": 0.6881720430107527, "1e-05": 0.6290322580645161, "0.0001": 0.6290322580645161, "0.001": 0.6774193548387096, "0.1": 0.6774193548387096, "1.0": 0.6648745519713262, "10.0": 0.6577060931899642}, "Mitchel": {"0.0035": 0.7379400260756193, "0.007": 0.7405475880052151, "0.01": 0.7388092133854846, "0.035": 0.7270751847023034, "0.07": 0.7170795306388527, "1e-05": 0.7014341590612777, "0.0001": 0.7014341590612777, "0.001": 0.7249022164276402, "0.1": 0.7092568448500652, "1.0": 0.6588439808778792, "10.0": 0.6275532377227292}}