{"SemEval 14 Laptop": {"sswe": 0.6735840899265024, "glove 300d 42b common crawl": 0.7003891050583657}, "SemEval 14 Restaurant": {"sswe": 0.7087729039422543, "glove 300d 42b common crawl": 0.7076624097723487}, "Dong Twitter": {"sswe": 0.678617157490397, "glove 300d 42b common crawl": 0.6877400768245838}, "Election Twitter": {"sswe": 0.5392177815772601, "glove 300d 42b common crawl": 0.5556742893780723}, "YouTuBean": {"sswe": 0.7114695340501792, "glove 300d 42b common crawl": 0.6971326164874552}, "Mitchel": {"sswe": 0.7405475880052151, "glove 300d 42b common crawl": 0.7331594958713603}}