{"SemEval 14 Laptop": {"sswe": 0.6428880242109815, "glove 300d 42b common crawl": 0.6718547341115434}, "SemEval 14 Restaurant": {"sswe": 0.6960022209883399, "glove 300d 42b common crawl": 0.6901721265963354}, "Dong Twitter": {"sswe": 0.6677336747759283, "glove 300d 42b common crawl": 0.6693341869398207}, "Election Twitter": {"sswe": 0.5354776661679846, "glove 300d 42b common crawl": 0.5574909168625775}, "YouTuBean": {"sswe": 0.6863799283154122, "glove 300d 42b common crawl": 0.6810035842293907}, "Mitchel": {"sswe": 0.7340286831812256, "glove 300d 42b common crawl": 0.7279443720121687}}