{"SemEval 14 Laptop": {"0.0035": 0.672719412019023, "0.007": 0.6714223951578037, "0.01": 0.6683960224816256, "0.035": 0.6536964980544747, "0.07": 0.6411586683960225, "1e-05": 0.43320363164721143, "0.0001": 0.5957630782533506, "0.001": 0.6597492434068309, "0.1": 0.6325118893212278, "1.0": 0.6061392131431041, "10.0": 0.6035451794206658}, "SemEval 14 Restaurant": {"0.0035": 0.6962798445308163, "0.007": 0.6998889505830095, "0.01": 0.6993337034980567, "0.035": 0.6932259855635758, "0.07": 0.6851749028317601, "1e-05": 0.600777345918934, "0.0001": 0.6018878400888396, "0.001": 0.67823431426985, "0.1": 0.6848972792892837, "1.0": 0.6543586896168795, "10.0": 0.6535258189894503}, "Dong Twitter": {"0.0035": 0.6802176696542894, "0.007": 0.6816581306017926, "0.01": 0.6806978233034571, "0.035": 0.6686939820742638, "0.07": 0.6586107554417413, "1e-05": 0.5003201024327785, "0.0001": 0.5528169014084507, "0.001": 0.6686939820742638, "0.1": 0.6568501920614597, "1.0": 0.6169974391805377, "10.0": 0.6118758002560819}, "Election Twitter": {"0.00035": 0.5376148749732849, "0.0007": 0.5412481299422953, "0.001": 0.5431716178670656, "0.0035": 0.5434921991878606, "0.007": 0.5391109211369951, "1e-05": 0.47104082068818126, "0.0001": 0.5293866210728788, "0.01": 0.5378285958538149, "0.1": 0.5086556956614662, "1.0": 0.45661466125240435, "10.0": 0.44315024577901263}, "YouTuBean": {"0.0035": 0.6433691756272402, "0.007": 0.6720430107526881, "0.01": 0.6774193548387096, "0.035": 0.6863799283154122, "0.07": 0.6810035842293907, "1e-05": 0.6308243727598566, "0.0001": 0.6308243727598566, "0.001": 0.6290322580645161, "0.1": 0.6756272401433692, "1.0": 0.6523297491039427, "10.0": 0.6415770609318996}, "Mitchel": {"0.0035": 0.7222946544980443, "0.007": 0.7309865275966971, "0.01": 0.7340286831812256, "0.035": 0.7331594958713603, "0.07": 0.717948717948718, "1e-05": 0.7014341590612777, "0.0001": 0.7014341590612777, "0.001": 0.7057800956106041, "0.1": 0.7122990004345937, "1.0": 0.6649282920469362, "10.0": 0.6479791395045632}}