{"SemEval 14 Laptop": {"sswe": 0.6753134457414613, "glove 300d 42b common crawl": 0.699956766104626}, "SemEval 14 Restaurant": {"sswe": 0.7090505274847307, "glove 300d 42b common crawl": 0.711271515824542}, "Dong Twitter": {"sswe": 0.6784571062740077, "glove 300d 42b common crawl": 0.6887003841229193}, "Election Twitter": {"sswe": 0.5375080145330199, "glove 300d 42b common crawl": 0.5553537080572772}, "YouTuBean": {"sswe": 0.7043010752688172, "glove 300d 42b common crawl": 0.6953405017921147}, "Mitchel": {"sswe": 0.7396784006953498, "glove 300d 42b common crawl": 0.7331594958713603}}