{"SemEval 14 Laptop": {"sswe": 0.6346735840899265, "glove 300d 42b common crawl": 0.6817985300475573}, "SemEval 14 Restaurant": {"sswe": 0.6848972792892837, "glove 300d 42b common crawl": 0.7134925041643532}, "Dong Twitter": {"sswe": 0.662291933418694, "glove 300d 42b common crawl": 0.6933418693982074}, "Election Twitter": {"sswe": 0.5351570848471896, "glove 300d 42b common crawl": 0.5580252190639026}, "YouTuBean": {"sswe": 0.6863799283154122, "glove 300d 42b common crawl": 0.6810035842293907}, "Mitchel": {"sswe": 0.7340286831812256, "glove 300d 42b common crawl": 0.7279443720121687}}