{"SemEval 14 Laptop": {"0.0035": 0.6753134457414613, "0.007": 0.6722870730652832, "0.01": 0.6740164288802422, "0.035": 0.6601815823605707, "0.07": 0.6506701253782966, "1e-05": 0.42844790315607434, "0.0001": 0.6208387375702551, "0.001": 0.6549935149156939, "0.1": 0.646779074794639, "1.0": 0.6039775183744055, "10.0": 0.5948984003458712}, "SemEval 14 Restaurant": {"0.0035": 0.6998889505830095, "0.007": 0.7065519156024431, "0.01": 0.7090505274847307, "0.035": 0.7054414214325375, "0.07": 0.6965574680732927, "1e-05": 0.6004997223764575, "0.0001": 0.6093836757357024, "0.001": 0.674069961132704, "0.1": 0.694058856191005, "1.0": 0.6665741254858412, "10.0": 0.6379789006107718}, "Dong Twitter": {"0.0035": 0.6680537772087067, "0.007": 0.6766965428937259, "0.01": 0.6784571062740077, "0.035": 0.6762163892445583, "0.07": 0.6715749039692702, "1e-05": 0.5003201024327785, "0.0001": 0.5265685019206146, "0.001": 0.6459667093469911, "0.1": 0.6714148527528809, "1.0": 0.6458066581306018, "10.0": 0.6217989756722151}, "Election Twitter": {"0.00035": 0.5315238298781791, "0.0007": 0.5345159222055995, "0.001": 0.5362256892498397, "0.0035": 0.5375080145330199, "0.007": 0.5333404573626843, "1e-05": 0.469331053643941, "0.0001": 0.5242573199401581, "0.01": 0.5287454584312887, "0.1": 0.5138918572344519, "1.0": 0.4815131438341526, "10.0": 0.47200256465056634}, "YouTuBean": {"0.0035": 0.6917562724014337, "0.007": 0.6971326164874552, "0.01": 0.7043010752688172, "0.035": 0.6845878136200717, "0.07": 0.6845878136200717, "1e-05": 0.6290322580645161, "0.0001": 0.6290322580645161, "0.001": 0.6810035842293907, "0.1": 0.6810035842293907, "1.0": 0.6630824372759857, "10.0": 0.6505376344086021}, "Mitchel": {"0.0035": 0.7366362451108214, "0.007": 0.7396784006953498, "0.01": 0.7392438070404173, "0.035": 0.7283789656671013, "0.07": 0.7170795306388527, "1e-05": 0.7014341590612777, "0.0001": 0.7014341590612777, "0.001": 0.7262059973924381, "0.1": 0.711864406779661, "1.0": 0.6631899174272056, "10.0": 0.6536288570186876}}