{"SemEval 14 Laptop": {"0.00035": 0.6636402939904885, "0.0007": 0.6787721573713792, "0.001": 0.6809338521400778, "0.0035": 0.688715953307393, "0.007": 0.6856895806312149, "1e-05": 0.4578469520103761, "0.0001": 0.6346735840899265, "0.01": 0.6787721573713792, "0.1": 0.6398616515348032, "1.0": 0.6182447038478167, "10.0": 0.6195417207090359}, "SemEval 14 Restaurant": {"0.0035": 0.7071071626873959, "0.007": 0.7068295391449195, "0.01": 0.7096057745696835, "0.035": 0.6962798445308163, "0.07": 0.6860077734591893, "1e-05": 0.600777345918934, "0.0001": 0.6152137701277068, "0.001": 0.6979455857856747, "0.1": 0.6848972792892837, "1.0": 0.6632426429761243, "10.0": 0.6607440310938367}, "Dong Twitter": {"0.0035": 0.6957426376440461, "0.007": 0.6931818181818182, "0.01": 0.6912612035851472, "0.035": 0.6738156209987196, "0.07": 0.6592509603072984, "1e-05": 0.5003201024327785, "0.0001": 0.5897887323943662, "0.001": 0.6798975672215108, "0.1": 0.6530089628681178, "1.0": 0.6040332906530089, "10.0": 0.5800256081946222}, "Election Twitter": {"0.00035": 0.538897200256465, "0.0007": 0.5416755717033555, "0.001": 0.5448813849113059, "0.0035": 0.5410344090617654, "0.007": 0.5365462705706348, "1e-05": 0.4836503526394529, "0.0001": 0.5324855738405643, "0.01": 0.5339816200042744, "0.1": 0.4995725582389399, "1.0": 0.4774524471040821, "10.0": 0.4701859371660611}, "YouTuBean": {"0.0035": 0.6917562724014337, "0.007": 0.6971326164874552, "0.01": 0.7043010752688172, "0.035": 0.6845878136200717, "0.07": 0.6845878136200717, "1e-05": 0.6290322580645161, "0.0001": 0.6290322580645161, "0.001": 0.6810035842293907, "0.1": 0.6810035842293907, "1.0": 0.6630824372759857, "10.0": 0.6505376344086021}}