{"SemEval 14 Laptop": {"sswe": 0.67747514051016, "glove 300d 42b common crawl": 0.6973627323821876}, "SemEval 14 Restaurant": {"sswe": 0.7059966685174903, "glove 300d 42b common crawl": 0.6948917268184343}, "Mitchel": {"sswe": 0.7362016514558888, "glove 300d 42b common crawl": 0.7405475880052151}, "YouTuBean": {"sswe": 0.6989247311827957, "glove 300d 42b common crawl": 0.7240143369175627}, "Dong Twitter": {"sswe": 0.6774967989756722, "glove 300d 42b common crawl": 0.6893405889884763}, "Election Twitter": {"sswe": 0.5365462705706348, "glove 300d 42b common crawl": 0.5639025432784783}}
