{"SemEval 14 Laptop": {"0.0035": 0.6312148724600086, "0.007": 0.6368352788586251, "0.01": 0.6381322957198443, "0.035": 0.6299178555987894, "0.07": 0.6234327712926935, "1e-05": 0.4267185473411154, "0.0001": 0.5724167747514051, "0.001": 0.6247297881539127, "0.1": 0.6199740596627756, "1.0": 0.5957630782533506, "10.0": 0.569390402075227}, "SemEval 14 Restaurant": {"0.0035": 0.674069961132704, "0.007": 0.681010549694614, "0.01": 0.6857301499167129, "0.035": 0.6893392559689062, "0.07": 0.6862853970016657, "1e-05": 0.6004997223764575, "0.0001": 0.6010549694614103, "0.001": 0.6521377012770683, "0.1": 0.6826762909494725, "1.0": 0.6557468073292615, "10.0": 0.6435313714602998}, "Mitchel": {"0.0035": 0.7166449369839201, "0.007": 0.7249022164276402, "0.01": 0.7266405910473707, "0.035": 0.7244676227727075, "0.07": 0.7192524989135158, "1e-05": 0.7014341590612777, "0.0001": 0.7014341590612777, "0.001": 0.7040417209908736, "0.1": 0.7162103433289874, "1.0": 0.661451542807475, "10.0": 0.6258148631029987}, "YouTuBean": {"0.0035": 0.6505376344086021, "0.007": 0.6774193548387096, "0.01": 0.6899641577060932, "0.035": 0.6666666666666666, "0.07": 0.6541218637992832, "1e-05": 0.6290322580645161, "0.0001": 0.6290322580645161, "0.001": 0.6290322580645161, "0.1": 0.6648745519713262, "1.0": 0.6362007168458781, "10.0": 0.6272401433691757}, "Election Twitter": {"0.0035": 0.5351570848471896, "0.007": 0.538042316734345, "0.01": 0.5351570848471896, "0.035": 0.5292797606326138, "0.07": 0.5205172045308827, "1e-05": 0.48621500320581323, "0.0001": 0.5116477879888865, "0.001": 0.5288523188715537, "0.1": 0.5173113913229322, "1.0": 0.5021372088053003, "10.0": 0.43128873690959607}, "Dong Twitter": {"0.0035": 0.6614916773367477, "0.007": 0.6678937259923176, "0.01": 0.6742957746478874, "0.035": 0.6728553137003841, "0.07": 0.6723751600512163, "1e-05": 0.5003201024327785, "0.0001": 0.5121638924455826, "0.001": 0.6288412291933418, "0.1": 0.668213828425096, "1.0": 0.6533290653008963, "10.0": 0.5857874519846351}}
