{"SemEval 14 Laptop": {"0.0035": 0.6731517509727627, "0.007": 0.6748811067877216, "0.01": 0.6748811067877216, "0.035": 0.6683960224816256, "0.07": 0.658019887591872, "1e-05": 0.42715088629485515, "0.0001": 0.6191093817552962, "0.001": 0.6558581928231734, "0.1": 0.6441850410722006, "1.0": 0.6026805015131863, "10.0": 0.5953307392996109}, "SemEval 14 Restaurant": {"0.0035": 0.7043309272626319, "0.007": 0.7082176568573015, "0.01": 0.7073847862298723, "0.035": 0.70988339811216, "0.07": 0.7009994447529151, "1e-05": 0.6004997223764575, "0.0001": 0.6088284286507496, "0.001": 0.6790671848972792, "0.1": 0.6976679622431983, "1.0": 0.6749028317601332, "10.0": 0.6690727373681288}, "Mitchel": {"0.0035": 0.7362016514558888, "0.007": 0.7353324641460235, "0.01": 0.7362016514558888, "0.035": 0.7266405910473707, "0.07": 0.7149065623641895, "1e-05": 0.7014341590612777, "0.0001": 0.7014341590612777, "0.001": 0.721425467188179, "0.1": 0.7136027813993916, "1.0": 0.6714471968709257, "10.0": 0.6671012603215993}, "YouTuBean": {"0.0035": 0.7007168458781362, "0.007": 0.6935483870967742, "0.01": 0.6971326164874552, "0.035": 0.6720430107526881, "0.07": 0.6774193548387096, "1e-05": 0.6272401433691757, "0.0001": 0.6272401433691757, "0.001": 0.6774193548387096, "0.1": 0.6774193548387096, "1.0": 0.6523297491039427, "10.0": 0.6433691756272402}, "Dong Twitter": {"0.0035": 0.6710947503201025, "0.007": 0.6746158770806658, "0.01": 0.6778169014084507, "0.035": 0.6749359795134443, "0.07": 0.6706145966709347, "1e-05": 0.5003201024327785, "0.0001": 0.5268886043533931, "0.001": 0.6467669654289373, "0.1": 0.6674135723431498, "1.0": 0.6408450704225352, "10.0": 0.5969910371318822}, "Election Twitter": {"0.0035": 0.53836289805514, "0.007": 0.5365462705706348, "0.01": 0.5350502244069245, "0.035": 0.5237230177388331, "0.07": 0.5203034836503526, "1e-05": 0.4915580252190639, "0.0001": 0.5165633682410772, "0.001": 0.5315238298781791, "0.1": 0.515815345159222, "1.0": 0.4931609318230391, "10.0": 0.38427014319298997}}
