{"SemEval 14 Laptop": {"sswe": 0.6394293125810635, "glove 300d 42b common crawl": 0.67747514051016}, "SemEval 14 Restaurant": {"sswe": 0.6879511382565242, "glove 300d 42b common crawl": 0.6971127151582455}, "Mitchel": {"sswe": 0.7266405910473707, "glove 300d 42b common crawl": 0.722729248152977}, "YouTuBean": {"sswe": 0.6863799283154122, "glove 300d 42b common crawl": 0.7204301075268817}, "Election Twitter": {"sswe": 0.5369737123316948, "glove 300d 42b common crawl": 0.562085915793973}, "Dong Twitter": {"sswe": 0.6717349551856594, "glove 300d 42b common crawl": 0.683258642765685}}
